time,object,confidence
2026-06-02 11:21:05,personnes,80.47
2026-06-02 11:21:06,personnes,85.28
2026-06-02 11:21:06,personnes,82.96
2026-06-02 11:21:07,personnes,84.01
2026-06-02 11:21:22,personnes,80.07
2026-06-02 11:21:22,personnes,80.32
2026-06-02 11:21:27,personnes,83.0
2026-06-02 11:21:33,personnes,93.69
2026-06-02 11:21:33,personnes,89.64
2026-06-02 11:21:33,personnes,87.96
2026-06-02 11:21:33,personnes,89.86
2026-06-02 11:21:34,personnes,89.41
2026-06-02 11:21:34,personnes,90.4
2026-06-02 11:21:34,personnes,90.58
2026-06-02 11:21:34,personnes,89.97
2026-06-02 11:21:34,personnes,90.46
2026-06-02 11:21:35,personnes,90.18
2026-06-02 11:21:35,personnes,89.42
2026-06-02 11:21:35,personnes,88.97
2026-06-02 11:21:35,personnes,89.6
2026-06-02 11:21:36,personnes,90.71
2026-06-02 11:21:36,personnes,90.54
2026-06-02 11:21:36,personnes,90.68
2026-06-02 11:21:36,personnes,89.75
2026-06-02 11:21:36,personnes,90.52
2026-06-02 11:21:37,personnes,89.03
2026-06-02 11:21:37,personnes,89.39
2026-06-02 11:21:37,personnes,90.34
time,object,confidence
2026-06-02 11:23:50,personnes,80.18
2026-06-02 11:23:53,personnes,83.86
2026-06-02 11:23:53,personnes,85.88
2026-06-02 11:23:53,personnes,88.88
2026-06-02 11:23:54,personnes,88.76
2026-06-02 11:23:54,personnes,86.5
2026-06-02 11:23:54,personnes,87.08
2026-06-02 11:23:54,personnes,87.04
2026-06-02 11:23:55,personnes,81.68
2026-06-02 11:23:55,personnes,88.54
2026-06-02 11:23:55,personnes,90.84
2026-06-02 11:23:56,personnes,91.24
2026-06-02 11:23:56,personnes,91.7
2026-06-02 11:24:07,personnes,86.19
2026-06-02 11:24:07,personnes,88.45
2026-06-02 11:24:07,personnes,82.48
2026-06-02 11:24:08,personnes,88.31
2026-06-02 11:24:08,personnes,81.22
2026-06-02 11:24:08,personnes,80.49
2026-06-02 11:24:08,personnes,82.99
2026-06-02 11:24:09,personnes,82.87
2026-06-02 11:24:09,personnes,86.17
2026-06-02 11:24:09,personnes,85.73
2026-06-02 11:24:09,personnes,88.36
2026-06-02 11:24:10,personnes,82.5
2026-06-02 11:24:10,personnes,83.65
2026-06-02 11:24:10,personnes,89.8
2026-06-02 11:24:10,personnes,88.98
2026-06-02 11:24:11,personnes,88.66
2026-06-02 11:24:11,personnes,87.81
2026-06-02 11:24:11,personnes,87.43
2026-06-02 11:24:16,bouteille_plastique,82.69
2026-06-02 11:24:16,bouteille_plastique,80.76
2026-06-02 11:24:17,bouteille_plastique,80.16
2026-06-02 11:24:17,bouteille_plastique,80.66
2026-06-02 11:24:22,bouteille_plastique,81.45
2026-06-02 11:24:27,personnes,80.78
2026-06-02 11:24:28,personnes,80.64
2026-06-02 11:24:29,personnes,81.73
2026-06-02 11:24:33,personnes,81.81
2026-06-02 11:24:36,personnes,80.51
